Date,Open,High,Low,Close,Adj Close,Volume
2017-10-02,154.259995,154.449997,152.720001,153.809998,151.519028,18698800
2017-10-03,154.009995,155.08999599999999,153.91000400000001,154.479996,152.179031,16230300
2017-10-04,153.630005,153.860001,152.46000700000002,153.479996,151.193924,20163800
2017-10-05,154.179993,155.440002,154.050003,155.389999,153.07547,21283800
2017-10-06,154.970001,155.490005,154.559998,155.300003,152.986816,17407600
2017-10-09,155.809998,156.729996,155.490005,155.83999599999999,153.518768,16262900
2017-10-10,156.059998,158.0,155.100006,155.899994,153.577866,15617000
2017-10-11,155.970001,156.979996,155.75,156.550003,154.21821599999998,16905600
2017-10-12,156.350006,157.369995,155.729996,156.0,153.676392,16125100
2017-10-13,156.729996,157.279999,156.41000400000001,156.990005,154.65164199999998,16394200
2017-10-16,157.899994,160.0,157.649994,159.880005,157.498611,24121500
2017-10-17,159.779999,160.869995,159.229996,160.470001,158.079819,18997300
2017-10-18,160.419998,160.71000700000002,159.600006,159.759995,157.38038600000002,16374200
2017-10-19,156.75,157.080002,155.020004,155.979996,153.656693,42584200
2017-10-20,156.610001,157.75,155.96000700000002,156.25,153.922668,23974100
2017-10-23,156.889999,157.690002,155.5,156.169998,153.843857,21984300
2017-10-24,156.28999299999998,157.419998,156.199997,157.100006,154.76001000000002,17757200
2017-10-25,156.91000400000001,157.550003,155.270004,156.41000400000001,154.080307,21207100
2017-10-26,157.229996,157.830002,156.779999,157.41000400000001,155.06539899999999,17000500
2017-10-27,159.28999299999998,163.600006,158.699997,163.050003,160.621384,44454200
2017-10-30,163.889999,168.070007,163.720001,166.720001,164.236725,44700800
2017-10-31,167.899994,169.649994,166.940002,169.03999299999998,166.522171,36046800
2017-11-01,169.869995,169.940002,165.610001,166.889999,164.40419,33637800
2017-11-02,166.600006,168.5,165.279999,168.110001,165.606018,41393400
2017-11-03,174.0,174.259995,171.119995,172.5,169.930634,59398600
2017-11-06,172.369995,174.990005,171.720001,174.25,171.654556,35026300
2017-11-07,173.91000400000001,175.25,173.600006,174.809998,172.206223,24361500
2017-11-08,174.66000400000001,176.240005,174.330002,176.240005,173.61492900000002,24409500
2017-11-09,175.110001,176.100006,173.139999,175.880005,173.2603,29482600
2017-11-10,175.110001,175.380005,174.270004,174.669998,172.686859,25145500
2017-11-13,173.5,174.5,173.399994,173.970001,171.99481200000002,16982100
2017-11-14,173.03999299999998,173.479996,171.179993,171.33999599999999,169.394669,24782500
2017-11-15,169.970001,170.320007,168.380005,169.080002,167.160339,29158100
2017-11-16,171.179993,171.869995,170.300003,171.100006,169.15741,23637500
2017-11-17,171.03999299999998,171.389999,169.639999,170.149994,168.218185,21899500
2017-11-20,170.28999299999998,170.559998,169.559998,169.979996,168.05011000000002,16262400
2017-11-21,170.779999,173.699997,170.779999,173.139999,171.17425500000002,25131300
2017-11-22,173.360001,175.0,173.050003,174.96000700000002,172.973587,25588900
2017-11-24,175.100006,175.5,174.649994,174.970001,172.983475,14026700
2017-11-27,175.050003,175.080002,173.33999599999999,174.08999599999999,172.113464,20716800
2017-11-28,174.300003,174.869995,171.860001,173.070007,171.105042,26428800
2017-11-29,172.630005,172.919998,167.16000400000001,169.479996,167.555801,41666400
2017-11-30,170.429993,172.139999,168.440002,171.850006,169.89889499999998,41527200
2017-12-01,169.949997,171.669998,168.5,171.050003,169.107971,39759300
2017-12-04,172.479996,172.619995,169.630005,169.800003,167.872177,32542400
2017-12-05,169.059998,171.520004,168.399994,169.639999,167.713974,27350200
2017-12-06,167.5,170.199997,166.46000700000002,169.009995,167.091141,28560000
2017-12-07,169.029999,170.440002,168.91000400000001,169.320007,167.397629,25673300
2017-12-08,170.490005,171.0,168.820007,169.369995,167.44703700000002,23355200
2017-12-11,169.199997,172.889999,168.78999299999998,172.669998,170.709595,35273800
2017-12-12,172.149994,172.389999,171.46000700000002,171.699997,169.750595,19409200
2017-12-13,172.5,173.53999299999998,172.0,172.270004,170.31411699999998,23818400
2017-12-14,172.399994,173.130005,171.649994,172.220001,170.264694,20476500
2017-12-15,173.630005,174.169998,172.46000700000002,173.970001,171.99481200000002,40169300
2017-12-18,174.880005,177.199997,174.860001,176.419998,174.417007,29421100
2017-12-19,175.029999,175.389999,174.08999599999999,174.53999299999998,172.55835,27436400
2017-12-20,174.869995,175.419998,173.25,174.350006,172.370514,23475600
2017-12-21,174.169998,176.020004,174.100006,175.009995,173.023026,20949900
2017-12-22,174.679993,175.419998,174.5,175.009995,173.023026,16114600
2017-12-26,170.800003,171.470001,169.679993,170.570007,168.633423,33185500
2017-12-27,170.100006,170.779999,169.71000700000002,170.600006,168.663101,21498200
2017-12-28,171.0,171.850006,170.479996,171.080002,169.13765,16480200
2017-12-29,170.520004,170.58999599999999,169.220001,169.229996,167.30864,25884400
2018-01-02,170.16000400000001,172.300003,169.259995,172.259995,170.30423000000002,25555900
2018-01-03,172.529999,174.550003,171.96000700000002,172.229996,170.274567,29517900
2018-01-04,172.53999299999998,173.470001,172.080002,173.029999,171.065506,22434600
2018-01-05,173.440002,175.369995,173.050003,175.0,173.013123,23660000
2018-01-08,174.350006,175.610001,173.929993,174.350006,172.370514,20567800
2018-01-09,174.550003,175.059998,173.41000400000001,174.330002,172.35073899999998,21584000
2018-01-10,173.16000400000001,174.300003,173.0,174.28999299999998,172.311188,23959900
2018-01-11,174.58999599999999,175.490005,174.490005,175.279999,173.289948,18667700
2018-01-12,176.179993,177.360001,175.649994,177.08999599999999,175.079391,25226000
2018-01-16,177.899994,179.389999,176.139999,176.190002,174.189636,29565900
2018-01-17,176.149994,179.25,175.070007,179.100006,177.066589,34386800
2018-01-18,179.369995,180.100006,178.25,179.259995,177.224762,31193400
2018-01-19,178.610001,179.580002,177.41000400000001,178.46000700000002,176.433853,32425100
2018-01-22,177.300003,177.779999,176.600006,177.0,174.990433,27108600
2018-01-23,177.300003,179.440002,176.820007,177.03999299999998,175.029968,32689100
2018-01-24,177.25,177.300003,173.199997,174.220001,172.241974,51105100
2018-01-25,174.509995,174.949997,170.529999,171.110001,169.167297,41529000
2018-01-26,172.0,172.0,170.059998,171.509995,169.56274399999998,39143000
2018-01-29,170.16000400000001,170.16000400000001,167.070007,167.96000700000002,166.053055,50640400
2018-01-30,165.529999,167.369995,164.699997,166.970001,165.074295,46048200
2018-01-31,166.869995,168.440002,166.5,167.429993,165.529068,32478900
2018-02-01,167.169998,168.619995,166.759995,167.779999,165.875092,47230800
2018-02-02,166.0,166.800003,160.100006,160.5,158.67775,86593800
2018-02-05,159.100006,163.880005,156.0,156.490005,154.713287,72738500
2018-02-06,154.830002,163.720001,154.0,163.029999,161.179016,68243800
2018-02-07,163.08999599999999,163.399994,159.070007,159.53999299999998,157.728638,51608600
2018-02-08,160.28999299999998,161.0,155.029999,155.149994,153.388489,54390500
2018-02-09,157.070007,157.889999,150.240005,156.41000400000001,155.26466399999998,70672600
2018-02-12,158.5,163.889999,157.509995,162.71000700000002,161.51852399999999,60819500
2018-02-13,161.949997,164.75,161.649994,164.33999599999999,163.136581,32549200
2018-02-14,163.03999299999998,167.53999299999998,162.880005,167.369995,166.144394,40644900
2018-02-15,169.78999299999998,173.08999599999999,169.0,172.990005,171.723251,51147200
2018-02-16,172.360001,174.820007,171.770004,172.429993,171.167343,40176100
2018-02-20,172.050003,174.259995,171.419998,171.850006,170.591599,33930500
2018-02-21,172.830002,174.119995,171.009995,171.070007,169.817307,37471600
2018-02-22,171.800003,173.949997,171.71000700000002,172.5,171.236832,30991900
2018-02-23,173.669998,175.649994,173.53999299999998,175.5,174.21485900000002,33812400
2018-02-26,176.350006,179.389999,176.21000700000002,178.970001,177.659454,38162200
2018-02-27,179.100006,180.479996,178.16000400000001,178.389999,177.08371,38928100
2018-02-28,179.259995,180.619995,178.050003,178.119995,176.815674,37782100
2018-03-01,178.53999299999998,179.779999,172.66000400000001,175.0,173.718521,48802000
2018-03-02,172.800003,176.300003,172.449997,176.21000700000002,174.919678,38454000
2018-03-05,175.21000700000002,177.740005,174.520004,176.820007,175.52520800000002,28401400
2018-03-06,177.91000400000001,178.25,176.130005,176.669998,175.376297,23788500
2018-03-07,174.940002,175.850006,174.270004,175.029999,173.748306,31703500
2018-03-08,175.479996,177.119995,175.070007,176.940002,175.644318,23774100
2018-03-09,177.96000700000002,180.0,177.389999,179.979996,178.662048,32185200
2018-03-12,180.28999299999998,182.389999,180.21000700000002,181.720001,180.389313,32207100
2018-03-13,182.58999599999999,183.5,179.240005,179.970001,178.65213,31693500
2018-03-14,180.320007,180.520004,177.809998,178.440002,177.133331,29368400
2018-03-15,178.5,180.240005,178.070007,178.649994,177.341782,22743800
2018-03-16,178.649994,179.119995,177.619995,178.020004,176.71641499999998,39404700
2018-03-19,177.320007,177.470001,173.66000400000001,175.300003,174.01634199999998,33446800
2018-03-20,175.240005,176.800003,174.940002,175.240005,173.956772,19649400
2018-03-21,175.03999299999998,175.08999599999999,171.259995,171.270004,170.015839,36338100
2018-03-22,170.0,172.679993,168.600006,168.850006,167.61355600000002,41490800
2018-03-23,168.389999,169.919998,164.940002,164.940002,163.732193,41028800
2018-03-26,168.070007,173.100006,166.440002,172.770004,171.504868,37541200
2018-03-27,173.679993,175.149994,166.919998,168.33999599999999,167.1073,40922600
2018-03-28,167.25,170.020004,165.190002,166.479996,165.26091,41668500
2018-03-29,167.809998,171.75,166.899994,167.779999,166.551392,38398500
2018-04-02,166.639999,168.940002,164.470001,166.679993,165.459442,37586800
2018-04-03,167.639999,168.75,164.880005,168.389999,167.15692099999998,30278000
2018-04-04,164.880005,172.009995,164.770004,171.610001,170.353363,34605500
2018-04-05,172.580002,174.229996,172.080002,172.800003,171.534637,26933200
2018-04-06,170.970001,172.479996,168.199997,168.380005,167.147018,35005300
2018-04-09,169.880005,173.08999599999999,169.850006,170.050003,168.804779,29017700
2018-04-10,173.0,174.0,171.529999,173.25,171.981339,28408600
2018-04-11,172.229996,173.919998,171.699997,172.440002,171.177277,22431600
2018-04-12,173.41000400000001,175.0,173.03999299999998,174.139999,172.864822,22889300
2018-04-13,174.779999,175.83999599999999,173.850006,174.729996,173.4505,25124300
2018-04-16,175.029999,176.190002,174.830002,175.820007,174.532532,21578400
2018-04-17,176.490005,178.940002,176.41000400000001,178.240005,176.934799,26509000
2018-04-18,177.809998,178.820007,176.880005,177.83999599999999,176.53772,20754500
2018-04-19,173.759995,175.389999,172.66000400000001,172.800003,171.534637,34808800
2018-04-20,170.600006,171.220001,165.429993,165.720001,164.50647,65491100
2018-04-23,166.830002,166.919998,164.08999599999999,165.240005,164.029999,36515500
2018-04-24,165.669998,166.330002,161.220001,162.940002,161.746841,33692000
2018-04-25,162.619995,165.419998,162.41000400000001,163.649994,162.45163,28382100
2018-04-26,164.119995,165.729996,163.369995,164.220001,163.017471,27963000
2018-04-27,164.0,164.330002,160.630005,162.320007,161.131378,35655800
2018-04-30,162.130005,167.259995,161.83999599999999,165.259995,164.049835,42427400
2018-05-01,166.41000400000001,169.199997,165.270004,169.100006,167.861725,53569400
2018-05-02,175.229996,177.75,173.800003,176.570007,175.277039,66539400
2018-05-03,175.880005,177.5,174.440002,176.889999,175.594681,34068200
2018-05-04,178.25,184.25,178.169998,183.830002,182.483856,56201300
2018-05-07,185.179993,187.669998,184.75,185.16000400000001,183.804123,42451400
2018-05-08,184.990005,186.220001,183.669998,186.050003,184.687607,28402800
2018-05-09,186.550003,187.399994,185.220001,187.360001,185.988022,23211200
2018-05-10,187.740005,190.369995,187.649994,190.03999299999998,188.648392,27989300
2018-05-11,189.490005,190.059998,187.449997,188.58999599999999,187.93090800000002,26212200
2018-05-14,189.009995,189.529999,187.860001,188.149994,187.492432,20778800
2018-05-15,186.779999,187.070007,185.100006,186.440002,185.788422,23695200
2018-05-16,186.070007,188.46000700000002,186.0,188.179993,187.522324,19183100
2018-05-17,188.0,188.91000400000001,186.360001,186.990005,186.336502,17294000
2018-05-18,187.190002,187.809998,186.130005,186.309998,185.658875,18297700
2018-05-21,188.0,189.270004,186.91000400000001,187.630005,186.97425800000002,18400800
2018-05-22,188.380005,188.880005,186.779999,187.16000400000001,186.505905,15240700
2018-05-23,186.350006,188.5,185.759995,188.360001,187.701706,20058400
2018-05-24,188.770004,188.83999599999999,186.21000700000002,188.149994,187.492432,23234000
2018-05-25,188.229996,189.649994,187.649994,188.580002,187.920944,17461000
2018-05-29,187.600006,188.75,186.869995,187.899994,187.243317,22514100
2018-05-30,187.720001,188.0,186.779999,187.5,186.84471100000002,18690500
2018-05-31,187.220001,188.229996,186.139999,186.869995,186.216904,27482800
2018-06-01,187.990005,190.259995,187.75,190.240005,189.57515,23442500
2018-06-04,191.639999,193.419998,191.350006,191.830002,191.159576,26266200
2018-06-05,193.070007,193.940002,192.360001,193.309998,192.634399,21566000
2018-06-06,193.630005,194.080002,191.919998,193.979996,193.30206299999998,20933600
2018-06-07,194.139999,194.199997,192.33999599999999,193.46000700000002,192.78388999999999,21347200
2018-06-08,191.169998,192.0,189.770004,191.699997,191.030029,26656800
2018-06-11,191.350006,191.970001,190.21000700000002,191.229996,190.561676,18308500
2018-06-12,191.389999,192.610001,191.149994,192.279999,191.608002,16911100
2018-06-13,192.419998,192.880005,190.440002,190.699997,190.033524,21638400
2018-06-14,191.550003,191.570007,190.220001,190.800003,190.133179,21610100
2018-06-15,190.029999,190.16000400000001,188.259995,188.83999599999999,188.180023,61719200
2018-06-18,187.880005,189.220001,187.199997,188.740005,188.080383,18484900
2018-06-19,185.139999,186.330002,183.449997,185.690002,185.041046,33578500
2018-06-20,186.350006,187.199997,185.729996,186.5,185.848206,20628700
2018-06-21,187.25,188.350006,184.940002,185.46000700000002,184.811844,25711900
2018-06-22,186.119995,186.149994,184.699997,184.919998,184.273727,27200400
2018-06-25,183.399994,184.919998,180.729996,182.169998,181.53333999999998,31663100
2018-06-26,182.990005,186.529999,182.53999299999998,184.429993,183.78543100000002,24569200
2018-06-27,185.229996,187.279999,184.029999,184.16000400000001,183.51638799999998,25285300
2018-06-28,184.100006,186.21000700000002,183.800003,185.5,184.8517,17365200
2018-06-29,186.28999299999998,187.190002,182.91000400000001,185.110001,184.463074,22737700
2018-07-02,183.820007,187.300003,183.419998,187.179993,186.525818,17731300
2018-07-03,187.78999299999998,187.949997,183.53999299999998,183.919998,183.277222,13954800
2018-07-05,185.259995,186.41000400000001,184.279999,185.399994,184.75204499999998,16604200
2018-07-06,185.419998,188.429993,185.199997,187.970001,187.31308,17485200
2018-07-09,189.5,190.679993,189.300003,190.580002,189.913956,19756600
2018-07-10,190.71000700000002,191.279999,190.179993,190.350006,189.684753,15939100
2018-07-11,188.5,189.779999,187.610001,187.880005,187.223389,18831500
2018-07-12,189.529999,191.41000400000001,189.309998,191.029999,190.362381,18041100
2018-07-13,191.080002,191.83999599999999,190.899994,191.330002,190.66133100000002,12513900
2018-07-16,191.520004,192.649994,190.419998,190.91000400000001,190.242798,15043100
2018-07-17,189.75,191.869995,189.199997,191.449997,190.780899,15534500
2018-07-18,191.779999,191.800003,189.929993,190.399994,189.734573,16393400
2018-07-19,189.690002,192.550003,189.690002,191.880005,191.20941200000001,20286800
2018-07-20,191.779999,192.429993,190.169998,191.440002,190.77095,20676200
2018-07-23,190.679993,191.96000700000002,189.559998,191.610001,190.94035300000002,15989400
2018-07-24,192.449997,193.66000400000001,192.050003,193.0,192.32548500000001,18697900
2018-07-25,193.059998,194.850006,192.429993,194.820007,194.13914499999998,16709900
2018-07-26,194.610001,195.96000700000002,193.610001,194.21000700000002,193.531265,19076000
2018-07-27,194.990005,195.190002,190.100006,190.979996,190.312546,24024000
2018-07-30,191.899994,192.199997,189.070007,189.91000400000001,189.24629199999998,21029500
2018-07-31,190.300003,192.139999,189.33999599999999,190.28999299999998,189.624954,39373000
2018-08-01,199.130005,201.759995,197.309998,201.5,200.795792,67935700
2018-08-02,200.580002,208.380005,200.350006,207.389999,206.665207,62404000
2018-08-03,207.029999,208.740005,205.479996,207.990005,207.26310700000002,33447400
2018-08-06,208.0,209.25,207.070007,209.070007,208.33934,25425400
2018-08-07,209.320007,209.5,206.759995,207.110001,206.386185,25587400
2018-08-08,206.050003,207.809998,204.520004,207.25,206.52569599999998,22525500
2018-08-09,209.529999,209.77999900000003,207.199997,208.880005,208.149994,23492600
2018-08-10,207.360001,209.100006,206.669998,207.529999,207.529999,24611200
2018-08-13,209.309998,210.94999700000002,207.699997,208.869995,208.869995,25890900
2018-08-14,210.16000400000001,210.559998,208.259995,209.75,209.75,20748000
2018-08-15,209.220001,210.74000499999997,208.330002,210.24000499999997,210.24000499999997,28807600
2018-08-16,211.75,213.809998,211.47000099999997,213.32000699999998,213.32000699999998,28500400
2018-08-17,213.440002,217.94999700000002,213.16000400000001,217.580002,217.580002,35427000
2018-08-20,218.100006,219.17999300000002,215.11000099999998,215.460007,215.460007,30287700
2018-08-21,216.80000299999998,217.190002,214.02999900000003,215.039993,215.039993,26159800
2018-08-22,214.100006,216.36000099999998,213.83999599999999,215.05000299999998,215.05000299999998,19018100
2018-08-23,214.649994,217.05000299999998,214.600006,215.49000499999997,215.49000499999997,18883200
2018-08-24,216.600006,216.899994,215.11000099999998,216.16000400000001,216.16000400000001,18476400
2018-08-27,217.149994,218.74000499999997,216.330002,217.940002,217.940002,20525100
2018-08-28,219.00999500000003,220.539993,218.919998,219.69999700000002,219.69999700000002,22776800
2018-08-29,220.149994,223.49000499999997,219.41000400000001,222.979996,222.979996,27254800
2018-08-30,223.25,228.25999500000003,222.399994,225.02999900000003,225.02999900000003,48793800
2018-08-31,226.50999500000003,228.86999500000002,226.0,227.63000499999998,227.63000499999998,43340100
2018-09-04,228.41000400000001,229.17999300000002,226.63000499999998,228.36000099999998,228.36000099999998,27390100
2018-09-05,228.99000499999997,229.669998,225.100006,226.86999500000002,226.86999500000002,33333000
2018-09-06,226.229996,227.350006,221.30000299999998,223.100006,223.100006,34290000
2018-09-07,221.850006,225.36999500000002,220.710007,221.30000299999998,221.30000299999998,37619800
2018-09-10,220.94999700000002,221.850006,216.47000099999997,218.330002,218.330002,39516500
2018-09-11,218.00999500000003,224.30000299999998,216.559998,223.850006,223.850006,35749000
2018-09-12,224.940002,225.0,219.83999599999999,221.07000699999998,221.07000699999998,49278700
2018-09-13,223.520004,228.350006,222.57000699999998,226.41000400000001,226.41000400000001,41706400
2018-09-14,225.75,226.83999599999999,222.520004,223.83999599999999,223.83999599999999,31999300
2018-09-17,222.149994,222.94999700000002,217.270004,217.88000499999998,217.88000499999998,37195100
2018-09-18,217.789993,221.850006,217.11999500000002,218.24000499999997,218.24000499999997,31571700
2018-09-19,218.5,219.61999500000002,215.30000299999998,218.36999500000002,218.36999500000002,27123800
2018-09-20,220.24000499999997,222.27999900000003,219.149994,220.02999900000003,220.02999900000003,26608800
2018-09-21,220.77999900000003,221.36000099999998,217.289993,217.66000400000001,217.66000400000001,96246700
2018-09-24,216.82000699999998,221.25999500000003,216.63000499999998,220.789993,220.789993,27693400
2018-09-25,219.75,222.82000699999998,219.69999700000002,222.190002,222.190002,24554400
2018-09-26,221.0,223.75,219.75999500000003,220.419998,220.419998,23984700
2018-09-27,223.82000699999998,226.440002,223.539993,224.94999700000002,224.94999700000002,30181200
2018-09-28,224.789993,225.83999599999999,224.020004,225.74000499999997,225.74000499999997,22889300
